{
    "fakharjokhio76@gmail.com": {
        "username": "fakhur",
        "password_hash": "bcb15f821479b4d5772bd0ca866c00ad5f926e3580720659cc80d39c9d09802a",
        "email": "fakharjokhio76@gmail.com",
        "age": 8,
        "weight": 70.0,
        "height": 170,
        "gender": "Male",
        "bmi": 24.22,
        "created_at": "2025-11-16T21:45:04.318481",
        "last_login": null,
        "health_data": {
            "sleep_score": 68.0,
            "activity_score": 42.0,
            "stress_score": 24.0,
            "hydration_score": 70,
            "bmi_score": 55.55555555555556,
            "overall_score": 54
        },
        "recommendation_level": "advanced"
    }
}