{
    "fakharjokhio@gmail.com": {
        "username": "fakhur",
        "password_hash": "bcb15f821479b4d5772bd0ca866c00ad5f926e3580720659cc80d39c9d09802a",
        "email": "fakharjokhio@gmail.com",
        "age": 23,
        "weight": 60.0,
        "height": 160,
        "gender": "male",
        "bmi": 23.44,
        "created_at": "2025-11-17T14:49:23.538474",
        "last_login": "2025-11-17T14:53:21.258950",
        "health_data": {},
        "recommendation_level": "basic"
    },
    "fakharjokhio76@gmail.com": {
        "username": "jokhio",
        "password_hash": "bcb15f821479b4d5772bd0ca866c00ad5f926e3580720659cc80d39c9d09802a",
        "email": "fakharjokhio76@gmail.com",
        "age": 22,
        "weight": 50.0,
        "height": 100,
        "gender": "male",
        "bmi": 50.0,
        "created_at": "2025-11-17T14:54:51.222047",
        "last_login": "2025-11-17T14:56:27.129379",
        "health_data": {
            "sleep_score": 88,
            "activity_score": 35,
            "stress_score": 52,
            "hydration_score": 100,
            "bmi_score": 0,
            "overall_score": 46
        },
        "recommendation_level": "advanced"
    }
}